rule_id,crop,variety,applicability_scope,growth_stage,rule_type,trigger_condition,action,quantity,unit,required_input,required_equipment,min_workers,max_farm_size_acres,water_condition,local_condition,risk_level,high_impact,status,rule_version,evidence_organization,evidence_title,evidence_page_or_section,evidence_url,source_date,notes
CC-TNAU-CH-001,Chilli,Any,Any,Pre-planting,Nutrient,Farm preparation,Apply farmyard manure (FYM) before planting.,25,t/ha,FYM,None,,,,,LOW,No,APPROVED_SOURCE,1.0,TNAU,Crop Production Guide: Horticulture,Chilli practice section,https://www.agritech.tnau.ac.in/pdf/HORTICULTURE.pdf,,Source-backed; applicability should be confirmed for the production system.
CC-TNAU-CH-002,Chilli,Any,Any,Nursery,Bio-input,Seed treatment,Treat seed with Trichoderma before sowing.,4,g/kg seed,Trichoderma,None,,,,,MEDIUM,No,APPROVED_SOURCE,1.0,TNAU,Chilli Sowing,Seed treatment section,https://agritech.tnau.ac.in/horticulture/horti_vegetables_chillies.html,,Biological treatment; verify product formulation before use.
CC-TNAU-CH-003,Chilli,Any,Any,Nursery,Bio-input,Seed treatment,Treat seed with Pseudomonas before sowing.,10,g/kg seed,Pseudomonas,None,,,,,MEDIUM,No,APPROVED_SOURCE,1.0,TNAU,Chilli Sowing,Seed treatment section,https://agritech.tnau.ac.in/horticulture/horti_vegetables_chillies.html,,Biological treatment; verify product formulation before use.
CC-TNAU-CH-004,Chilli,Any,Any,Nursery,Water,Nursery management,Water nursery beds daily as described in the TNAU chilli sowing guidance.,Daily,frequency,Water,None,,,,,LOW,No,APPROVED_SOURCE,1.0,TNAU,Chilli Sowing,Nursery management section,https://agritech.tnau.ac.in/horticulture/horti_vegetables_chillies.html,,"Frequency is source guidance, not a fixed volume."
CC-TNAU-CH-005,Chilli,Any,Any,Transplanting,Planting,Seedling age,Transplant seedlings at about 40–45 days of age.,40–45,days,Seedlings,None,,,,,LOW,No,APPROVED_SOURCE,1.0,TNAU,Crop Production Guide: Horticulture,Chilli practice section,https://www.agritech.tnau.ac.in/pdf/HORTICULTURE.pdf,,
CC-TNAU-CH-006,Chilli,Variety,Any,Transplanting,Spacing,Plant spacing,Use approximately 60 cm × 45 cm spacing for varieties.,60 × 45,cm,Seedlings,None,,,,,LOW,No,APPROVED_SOURCE,1.0,TNAU,Crop Production Guide: Horticulture,Chilli practice section,https://www.agritech.tnau.ac.in/pdf/HORTICULTURE.pdf,,Applies to varieties as stated by source.
CC-TNAU-CH-007,Chilli,Hybrid,Any,Transplanting,Spacing,Plant spacing,Use approximately 75 cm × 60 cm spacing for hybrids.,75 × 60,cm,Seedlings,None,,,,,LOW,No,APPROVED_SOURCE,1.0,TNAU,Crop Production Guide: Horticulture,Chilli practice section,https://www.agritech.tnau.ac.in/pdf/HORTICULTURE.pdf,,Applies to hybrids as stated by source.
CC-TNAU-CH-008,Chilli,Any,Any,Field establishment,Irrigation,Routine irrigation,TNAU guidance describes weekly irrigation for chilli.,Weekly,frequency,Water,Irrigation system,,,,,LOW,No,APPROVED_SOURCE,1.0,TNAU,Crop Production Guide: Horticulture,Chilli practice section,https://www.agritech.tnau.ac.in/pdf/HORTICULTURE.pdf,,Actual irrigation should account for local conditions and soil.
CC-TNAU-CH-009,Chilli,Any,Any,Sowing,Soil,Soil suitability,Prefer well-drained loamy soil with pH around 6.5–7.5.,6.5–7.5,pH,None,None,,,,,LOW,No,APPROVED_SOURCE,1.0,TNAU,Chilli Sowing,Soil requirement section,https://agritech.tnau.ac.in/horticulture/horti_vegetables_chillies.html,,
CC-TNAU-CH-010,Chilli,Any,Any,Sowing,Seed rate,Seed rate,Use about 1 kg seed/ha for varieties.,1,kg/ha,Chilli seed,None,,,,,LOW,No,APPROVED_SOURCE,1.0,TNAU,Chilli Sowing,Seed rate section,https://agritech.tnau.ac.in/horticulture/horti_vegetables_chillies.html,,Applies to varieties.
CC-TNAU-CH-011,Chilli,Hybrid,Any,Sowing,Seed rate,Seed rate,Use about 200–250 g seed/ha for hybrids.,200–250,g/ha,Hybrid chilli seed,None,,,,,LOW,No,APPROVED_SOURCE,1.0,TNAU,Chilli Sowing,Seed rate section,https://agritech.tnau.ac.in/horticulture/horti_vegetables_chillies.html,,Applies to hybrids.
CC-TNAU-CH-012,Chilli,Any,Any,Nursery,Nursery,Nursery area,Use approximately 100 m² nursery area per hectare.,100,m²/ha,Nursery bed,None,,,,,LOW,No,APPROVED_SOURCE,1.0,TNAU,Chilli Sowing,Nursery area section,https://agritech.tnau.ac.in/horticulture/horti_vegetables_chillies.html,,
CC-TNAU-CH-013,Chilli,Any,Any,Nursery,Disease prevention,Damping-off,TNAU describes copper oxychloride at 2.5 g/L at 15-day intervals for damping-off management.,2.5,g/L,Copper oxychloride,Sprayer,,,,,HIGH,Yes,APPROVED_SOURCE,1.0,TNAU,Chilli Sowing,Damping-off section,https://agritech.tnau.ac.in/horticulture/horti_vegetables_chillies.html,,High-impact chemical action; human confirmation required in CropCompass.
CC-TNAU-CH-014,Chilli,Any,Any,Transplanting,Gap filling,Plant stand,Fill gaps around the seventh day after transplanting where required.,7,days after transplanting,Seedlings,None,,,,,LOW,No,APPROVED_SOURCE,1.0,TNAU,Crop Production Guide: Horticulture,Chilli practice section,https://www.agritech.tnau.ac.in/pdf/HORTICULTURE.pdf,,
CC-TNAU-CH-015,Chilli,Any,Any,Harvest,Harvest,Harvest timing,TNAU states chilli harvesting begins about 75 days after transplanting.,75,days after transplanting,None,None,,,,,LOW,No,APPROVED_SOURCE,1.0,TNAU,Crop Production Guide: Horticulture,Chilli yield/harvest section,https://www.agritech.tnau.ac.in/pdf/HORTICULTURE.pdf,,Use as source guidance; actual maturity depends on crop and market purpose.
CC-TNAU-IPM-001,Chilli,Any,Any,Vegetative/flowering,Pest monitoring,Mite threshold,Monitor chilli mites; TNAU IPM schedule lists an ETL of about 1 mite/leaf.,1,mite/leaf,None,None,,,,,MEDIUM,No,APPROVED_SOURCE,1.0,TNAU,IPM Schedule for Vegetables,Chilli ETL section,https://agritech.tnau.ac.in/horticulture/pdf/tech_bulletin/national/IPM-Schedule-for-vegetables.pdf,,"Threshold is for monitoring/decision support, not an automatic pesticide recommendation."
CC-TNAU-IPM-002,Chilli,Any,Any,Vegetative/flowering,Pest monitoring,Thrips threshold,Monitor chilli thrips; TNAU IPM schedule lists an ETL of about 2 thrips/leaf.,2,thrips/leaf,None,None,,,,,MEDIUM,No,APPROVED_SOURCE,1.0,TNAU,IPM Schedule for Vegetables,Chilli ETL section,https://agritech.tnau.ac.in/horticulture/pdf/tech_bulletin/national/IPM-Schedule-for-vegetables.pdf,,Threshold is for monitoring/decision support.
CC-TNAU-IPM-003,Tomato,Any,Any,Fruit development,Pest monitoring,Fruit borer threshold,"Monitor tomato fruit borer using the TNAU ETL: 8 eggs/15 plants, 1 larva/plant, or 2% fruit infestation.",8 eggs/15 plants OR 1 larva/plant OR 2%,ETL,None,None,,,,,MEDIUM,No,APPROVED_SOURCE,1.0,TNAU,IPM Schedule for Vegetables,Tomato ETL section,https://agritech.tnau.ac.in/horticulture/pdf/tech_bulletin/national/IPM-Schedule-for-vegetables.pdf,,Monitoring threshold only.
CC-TNAU-IPM-004,Brinjal,Any,Any,Vegetative,Pest monitoring,Whitefly threshold,Monitor brinjal whitefly; TNAU lists about 5–10 adults/leaf as an ETL.,5–10,adults/leaf,None,None,,,,,MEDIUM,No,APPROVED_SOURCE,1.0,TNAU,IPM Schedule for Vegetables,Brinjal ETL section,https://agritech.tnau.ac.in/horticulture/pdf/tech_bulletin/national/IPM-Schedule-for-vegetables.pdf,,Monitoring threshold only.
CC-TNAU-IPM-005,Brinjal,Any,Any,Fruit development,Pest monitoring,Shoot and fruit borer threshold,Monitor brinjal shoot and fruit borer; TNAU lists about 0.5% damage as an ETL.,0.5,% damage,None,None,,,,,MEDIUM,No,APPROVED_SOURCE,1.0,TNAU,IPM Schedule for Vegetables,Brinjal ETL section,https://agritech.tnau.ac.in/horticulture/pdf/tech_bulletin/national/IPM-Schedule-for-vegetables.pdf,,Monitoring threshold only.
CC-TNAU-IPM-006,Okra,Any,Any,Fruit development,Pest monitoring,Fruit borer threshold,Monitor okra fruit borer; TNAU lists about 5.3% fruit infestation as an ETL.,5.3,% fruit infestation,None,None,,,,,MEDIUM,No,APPROVED_SOURCE,1.0,TNAU,IPM Schedule for Vegetables,Okra ETL section,https://agritech.tnau.ac.in/horticulture/pdf/tech_bulletin/national/IPM-Schedule-for-vegetables.pdf,,Monitoring threshold only.
CC-TNAU-IPM-007,Okra,Any,Any,Vegetative,Pest monitoring,Leafhopper threshold,Monitor okra leafhopper; TNAU lists about 4–5 nymphs/plant as an ETL.,4–5,nymphs/plant,None,None,,,,,MEDIUM,No,APPROVED_SOURCE,1.0,TNAU,IPM Schedule for Vegetables,Okra ETL section,https://agritech.tnau.ac.in/horticulture/pdf/tech_bulletin/national/IPM-Schedule-for-vegetables.pdf,,Monitoring threshold only.
CC-TNAU-IPM-008,Pea,Any,Any,Vegetative,Pest monitoring,Aphid threshold,Monitor pea aphids; TNAU lists about 3–4 aphids/stem tip as an ETL.,3–4,aphids/stem tip,None,None,,,,,MEDIUM,No,APPROVED_SOURCE,1.0,TNAU,IPM Schedule for Vegetables,Pea ETL section,https://agritech.tnau.ac.in/horticulture/pdf/tech_bulletin/national/IPM-Schedule-for-vegetables.pdf,,Monitoring threshold only.
CC-TNAU-IPM-009,Onion,Any,Any,Vegetative,Pest monitoring,Thrips threshold,Monitor onion thrips; TNAU lists about 13–14 thrips/plant at 15 days after transplanting as an ETL.,13–14,thrips/plant,None,None,,,,,MEDIUM,No,APPROVED_SOURCE,1.0,TNAU,IPM Schedule for Vegetables,Onion ETL section,https://agritech.tnau.ac.in/horticulture/pdf/tech_bulletin/national/IPM-Schedule-for-vegetables.pdf,,Threshold is time-specific.
CC-NCONF-CU-001,Cucurbits,Any,Any,Planting,Manure,Pit preparation,Apply about 12 t/ha FYM/organic manure in planting pits for cucurbit crops in the cited package.,12,t/ha,FYM/organic manure,None,,,,,LOW,No,APPROVED_SOURCE,1.0,NCONF/TNAU,Organic Package of Practices,Cucurbits pit preparation,https://agritech.tnau.ac.in/org_farm/pdf/Horticulture5_231009_094153.pdf,,Organic-production guidance; scope is source-specific.
CC-NCONF-CU-002,Cucurbits,Any,Any,Planting,Planting,Seed placement,Sow about 4–5 seeds per pit initially for cucurbits as described in the package.,4–5,seeds/pit,Seed,None,,,,,LOW,No,APPROVED_SOURCE,1.0,NCONF/TNAU,Organic Package of Practices,Cucurbits planting,https://agritech.tnau.ac.in/org_farm/pdf/Horticulture5_231009_094153.pdf,,
CC-NCONF-CU-003,Cucurbits,Any,Any,Establishment,Plant population,Thinning,Retain about 3 plants per pit after approximately two weeks for the cited cucurbit guidance.,3,plants/pit,None,None,,,,,LOW,No,APPROVED_SOURCE,1.0,NCONF/TNAU,Organic Package of Practices,Cucurbits planting,https://agritech.tnau.ac.in/org_farm/pdf/Horticulture5_231009_094153.pdf,,
CC-NCONF-CU-004,Cucurbits,Any,Any,Flowering,Manure,Supplementary manure,Apply FYM/cow dung/compost/greenleaf manure at about 8 t/ha in the cited package.,8,t/ha,Organic manure,None,,,,,LOW,No,APPROVED_SOURCE,1.0,NCONF/TNAU,Organic Package of Practices,Cucurbits nutrient management,https://agritech.tnau.ac.in/org_farm/pdf/Horticulture5_231009_094153.pdf,,Organic-production guidance.
CC-NCONF-CU-005,Cucurbits,Any,Any,Flowering,Manure,Vermicompost,Apply vermicompost at about 4 t/ha in the cited organic package.,4,t/ha,Vermicompost,None,,,,,LOW,No,APPROVED_SOURCE,1.0,NCONF/TNAU,Organic Package of Practices,Cucurbits nutrient management,https://agritech.tnau.ac.in/org_farm/pdf/Horticulture5_231009_094153.pdf,,Organic-production guidance.
CC-NCONF-CU-006,Cucurbits,Any,Any,Early growth,Irrigation,Irrigation interval,The cited package describes irrigation at 2–3 day intervals during initial stages.,2–3,days,Water,Irrigation system,,,,,LOW,No,APPROVED_SOURCE,1.0,NCONF/TNAU,Organic Package of Practices,Cucurbits irrigation,https://agritech.tnau.ac.in/org_farm/pdf/Horticulture5_231009_094153.pdf,,Interval is source guidance; adjust based on field conditions.
CC-NCONF-CU-007,Cucurbits,Any,Any,Flowering/fruiting,Irrigation,Irrigation interval,The cited package describes alternate-day irrigation during flowering and fruiting.,Alternate days,frequency,Water,Irrigation system,,,,,LOW,No,APPROVED_SOURCE,1.0,NCONF/TNAU,Organic Package of Practices,Cucurbits irrigation,https://agritech.tnau.ac.in/org_farm/pdf/Horticulture5_231009_094153.pdf,,Interval is source guidance; adjust based on field conditions.
CC-NCONF-CU-008,Bitter gourd,Any,Any,Vining,Support,Pandal,"Use a pandal/trellis when bitter gourd is vining, as described in the organic package.",As needed,support system,None,Pandal/trellis,,,,,LOW,No,APPROVED_SOURCE,1.0,NCONF/TNAU,Organic Package of Practices,Cucurbits support,https://agritech.tnau.ac.in/org_farm/pdf/Horticulture5_231009_094153.pdf,,
CC-NCONF-CU-009,Snake gourd,Any,Any,Vining,Support,Pandal,"Use a pandal/trellis when snake gourd is vining, as described in the organic package.",As needed,support system,None,Pandal/trellis,,,,,LOW,No,APPROVED_SOURCE,1.0,NCONF/TNAU,Organic Package of Practices,Cucurbits support,https://agritech.tnau.ac.in/org_farm/pdf/Horticulture5_231009_094153.pdf,,
CC-NCONF-CU-010,Ridge gourd,Any,Any,Vining,Support,Pandal,"Use a pandal/trellis when ridge gourd is vining, as described in the organic package.",As needed,support system,None,Pandal/trellis,,,,,LOW,No,APPROVED_SOURCE,1.0,NCONF/TNAU,Organic Package of Practices,Cucurbits support,https://agritech.tnau.ac.in/org_farm/pdf/Horticulture5_231009_094153.pdf,,
CC-NCONF-CU-011,Cucumber,Any,Any,Crop growth,Mulching,Mulch,Maintain mulch through the crop as described in the cited package.,Throughout crop,duration,Mulch material,None,,,,,LOW,No,APPROVED_SOURCE,1.0,NCONF/TNAU,Organic Package of Practices,Cucurbits mulch,https://agritech.tnau.ac.in/org_farm/pdf/Horticulture5_231009_094153.pdf,,
CC-NCONF-CU-012,Cucurbits,Any,Any,Planting,Pest prevention,Neem cake,Apply neem cake at about 250 kg/ha as a fruit-fly management practice in the cited package.,250,kg/ha,Neem cake,None,,,,,MEDIUM,No,APPROVED_SOURCE,1.0,NCONF/TNAU,Organic Package of Practices,Fruit fly management,https://agritech.tnau.ac.in/org_farm/pdf/Horticulture5_231009_094153.pdf,,Organic-production guidance; source-specific.
CC-NCONF-SOL-001,Tomato,Any,Any,Pre-planting,Manure,Organic manure,Apply about 25 t/ha organic manure/FYM in the cited solanaceous vegetable package.,25,t/ha,FYM/organic manure,None,,,,,LOW,No,APPROVED_SOURCE,1.0,NCONF/TNAU,Organic Package of Practices,Solanaceous vegetables nutrient management,https://agritech.tnau.ac.in/org_farm/pdf/Horticulture5_231009_094153.pdf,,Organic-production guidance.
CC-NCONF-SOL-002,Brinjal,Any,Any,Nursery,Nursery,Seedling age,Use approximately one-month-old seedlings for transplanting in the cited package.,1,month,Seedlings,None,,,,,LOW,No,APPROVED_SOURCE,1.0,NCONF/TNAU,Organic Package of Practices,Solanaceous vegetables nursery,https://agritech.tnau.ac.in/org_farm/pdf/Horticulture5_231009_094153.pdf,,
CC-NCONF-SOL-003,Tomato,Any,Any,Nursery,Nursery,Raised bed,Use raised nursery beds around 90–100 cm wide in the cited package.,90–100,cm bed width,Nursery bed,None,,,,,LOW,No,APPROVED_SOURCE,1.0,NCONF/TNAU,Organic Package of Practices,Solanaceous vegetables nursery,https://agritech.tnau.ac.in/org_farm/pdf/Horticulture5_231009_094153.pdf,,
CC-NCONF-SOL-004,Chilli,Any,Any,Nursery,Nursery,Raised bed,Use raised nursery beds around 90–100 cm wide in the cited package.,90–100,cm bed width,Nursery bed,None,,,,,LOW,No,APPROVED_SOURCE,1.0,NCONF/TNAU,Organic Package of Practices,Solanaceous vegetables nursery,https://agritech.tnau.ac.in/org_farm/pdf/Horticulture5_231009_094153.pdf,,
CC-NCONF-SOL-005,Solanaceous vegetables,Any,Any,Pre-planting,Soil amendment,Acidic soil,"Where soil is acidic, the cited package describes lime at about 500 kg/ha, applied before transplanting.",500,kg/ha,Lime,None,,,,,MEDIUM,No,APPROVED_SOURCE,1.0,NCONF/TNAU,Organic Package of Practices,Solanaceous vegetables soil management,https://agritech.tnau.ac.in/org_farm/pdf/Horticulture5_231009_094153.pdf,,Only apply where the source condition (soil acidity) is met.
CC-NCONF-SOL-006,Tomato,Any,Any,Summer,Irrigation,Irrigation interval,The cited organic package describes irrigation every 2–3 days during summer.,2–3,days,Water,Irrigation system,,,,,LOW,No,APPROVED_SOURCE,1.0,NCONF/TNAU,Organic Package of Practices,Solanaceous vegetables irrigation,https://agritech.tnau.ac.in/org_farm/pdf/Horticulture5_231009_094153.pdf,,Interval is source guidance; adjust to local conditions.
CC-NCONF-SOL-007,Tomato,Any,Any,Crop growth,Support,Staking,"Stake tomato plants where required, as described in the cited package.",As needed,support system,None,Stakes,,,,,LOW,No,APPROVED_SOURCE,1.0,NCONF/TNAU,Organic Package of Practices,Solanaceous vegetables crop management,https://agritech.tnau.ac.in/org_farm/pdf/Horticulture5_231009_094153.pdf,,
CC-ICAR-TOM-001,Tomato,Any,Protected,Protected cultivation,Planting,Row spacing,"For the cited ICAR protected-cultivation guidance, use about 60–70 cm row spacing.",60–70,cm,Seedlings,Protected structure,,,,Protected cultivation,LOW,No,APPROVED_SOURCE,1.0,ICAR,Kharif Agro-Advisories for Farmers 2025,Tomato protected cultivation,https://icar.gov.in/sites/default/files/Circulars/ICAR-En-Kharif-Agro-Advisories-for-Farmers-2025.pdf,2025,Do not generalize to open-field cultivation.
CC-ICAR-TOM-002,Tomato,Any,Protected,Protected cultivation,Planting,Plant spacing,"For the cited ICAR protected-cultivation guidance, use about 50–60 cm plant spacing.",50–60,cm,Seedlings,Protected structure,,,,Protected cultivation,LOW,No,APPROVED_SOURCE,1.0,ICAR,Kharif Agro-Advisories for Farmers 2025,Tomato protected cultivation,https://icar.gov.in/sites/default/files/Circulars/ICAR-En-Kharif-Agro-Advisories-for-Farmers-2025.pdf,2025,Do not generalize to open-field cultivation.
CC-ICAR-TOM-003,Tomato,Any,Protected,Protected cultivation,Crop management,Training,Train/prune tomato plants as described in the cited ICAR protected-cultivation advisory.,As advised,practice,None,Trellis/support,,,,Protected cultivation,LOW,No,APPROVED_SOURCE,1.0,ICAR,Kharif Agro-Advisories for Farmers 2025,Tomato protected cultivation,https://icar.gov.in/sites/default/files/Circulars/ICAR-En-Kharif-Agro-Advisories-for-Farmers-2025.pdf,2025,Source-specific protected cultivation practice.
CC-ICAR-TOM-004,Tomato,Any,Protected,Protected cultivation,Irrigation,Routine irrigation,Maintain regular irrigation and fertigation as described in the cited ICAR advisory.,Regular,frequency,Water/fertigation inputs,Drip/fertigation system,,,,Protected cultivation,LOW,No,APPROVED_SOURCE,1.0,ICAR,Kharif Agro-Advisories for Farmers 2025,Tomato protected cultivation,https://icar.gov.in/sites/default/files/Circulars/ICAR-En-Kharif-Agro-Advisories-for-Farmers-2025.pdf,2025,Exact volumes and nutrient rates must be represented separately if used.
CC-ICAR-TOM-005,Tomato,Any,Protected,Disease observation,Sanitation,TMV sanitation,"Remove and destroy tomato plants showing TMV symptoms, as described in the cited ICAR advisory.",When observed,action,None,None,,,,Protected cultivation,HIGH,Yes,APPROVED_SOURCE,1.0,ICAR,Kharif Agro-Advisories for Farmers 2025,Tomato disease management,https://icar.gov.in/sites/default/files/Circulars/ICAR-En-Kharif-Agro-Advisories-for-Farmers-2025.pdf,2025,High-impact crop action; human confirmation can be required.
CC-ICAR-TOM-006,Tomato,Any,Protected,Harvest,Harvest,Harvest maturity,Harvest tomato fruits when fully ripe/red as described in the cited ICAR advisory.,Fully ripe/red,maturity stage,None,None,,,,Protected cultivation,LOW,No,APPROVED_SOURCE,1.0,ICAR,Kharif Agro-Advisories for Farmers 2025,Tomato harvest,https://icar.gov.in/sites/default/files/Circulars/ICAR-En-Kharif-Agro-Advisories-for-Farmers-2025.pdf,2025,Source-specific.
CC-ICAR-TOM-007,Tomato,Any,Protected,Post-harvest,Storage,Storage temperature,"For the cited ICAR advisory, store tomatoes around 8–10°C in summer conditions.",8–10,°C,None,Cold storage,,,,Protected cultivation,LOW,No,APPROVED_SOURCE,1.0,ICAR,Kharif Agro-Advisories for Farmers 2025,Tomato post-harvest,https://icar.gov.in/sites/default/files/Circulars/ICAR-En-Kharif-Agro-Advisories-for-Farmers-2025.pdf,2025,Source-specific post-harvest recommendation.
