id,name,phone,location,farm_size,crop,variety,growth_stage,workers,budget,water_availability,water_source,irrigation_available,equipment,inputs,temperature,rainfall,humidity,soil_type,is_synthetic
F001,Lakshmi,+91 61639 46048,"Palladam, Tamil Nadu",2.2,Okra,Local,Vegetative,5,8500.0,Adequate,Borewell,Drip Irrigation,"[""Drip Irrigation""]","[{""input_name"": ""Bio-Pesticide"", ""quantity"": 25.0, ""unit"": ""L""}, {""input_name"": ""Neem Oil"", ""quantity"": 25.0, ""unit"": ""L""}, {""input_name"": ""Compost"", ""quantity"": 25.0, ""unit"": ""kg""}]",30.7,13.2,66.5,Red Loam,True
F002,Karthikeyan,+91 87696 54597,"Coimbatore, Tamil Nadu",1.7,Capsicum,Local,Vegetative,4,800.0,Rainfed,Well,Manual,"[""Manual Tools""]","[{""input_name"": ""Bio-Pesticide"", ""quantity"": 10.0, ""unit"": ""L""}, {""input_name"": ""Neem Oil"", ""quantity"": 1.0, ""unit"": ""L""}]",30.8,49.8,67.8,Clay,True
F003,Rajesh,+91 72601 19116,"Dharapuram, Tamil Nadu",5.5,Capsicum,Local,Flowering,1,8500.0,Rainfed,Rainfed,Manual,"[""Pump""]","[{""input_name"": ""Compost"", ""quantity"": 25.0, ""unit"": ""kg""}, {""input_name"": ""Fertilizer"", ""quantity"": 25.0, ""unit"": ""kg""}]",32.4,36.5,47.7,Black Soil,True
F004,Karthikeyan,+91 90294 59735,"Coimbatore, Tamil Nadu",7.9,Okra,Hybrid,Fruiting,1,2500.0,Adequate,Well,None,"[""Sprayer"", ""Drip Irrigation""]","[{""input_name"": ""Micronutrients"", ""quantity"": 25.0, ""unit"": ""kg""}, {""input_name"": ""Fertilizer"", ""quantity"": 10.0, ""unit"": ""kg""}, {""input_name"": ""Compost"", ""quantity"": 10.0, ""unit"": ""kg""}]",36.2,38.6,46.4,Black Soil,True
F005,Uma,+91 96789 80644,"Coimbatore, Tamil Nadu",6.1,Onion,NHRDF,Fruiting,2,1200.0,Unavailable,Borewell,Drip Irrigation,"[""Drip Irrigation""]","[{""input_name"": ""Compost"", ""quantity"": 10.0, ""unit"": ""kg""}, {""input_name"": ""Pesticide"", ""quantity"": 10.0, ""unit"": ""L""}, {""input_name"": ""Neem Oil"", ""quantity"": 15.0, ""unit"": ""L""}]",37.9,31.7,83.7,Red Loam,True
F006,Lakshmi,+91 95190 44973,"Pollachi, Tamil Nadu",3.1,Capsicum,NHRDF,Flowering,4,400.0,Rainfed,Canal,Drip Irrigation,"[""Pump"", ""Power Tiller"", ""Drip Irrigation""]","[{""input_name"": ""Fertilizer"", ""quantity"": 50.0, ""unit"": ""kg""}]",24.6,57.2,81.5,Red Loam,True
F007,Priya,+91 81243 74042,"Dharapuram, Tamil Nadu",1.3,Capsicum,CO-1,Flowering,1,2500.0,Adequate,Borewell,None,"[""Power Tiller""]","[{""input_name"": ""Compost"", ""quantity"": 25.0, ""unit"": ""kg""}]",29.6,33.0,51.9,Sandy,True
F008,Prakash,+91 95343 36365,"Udumalaipettai, Tamil Nadu",2.8,Okra,CO-1,Bulbing,5,12000.0,Adequate,Canal,Sprinkler,"[""Pump""]","[{""input_name"": ""Bio-Pesticide"", ""quantity"": 15.0, ""unit"": ""L""}]",25.7,13.2,43.2,Red Loam,True
F009,Uma,+91 64417 14117,"Erode, Tamil Nadu",1.0,Tomato,CO-1,Bulbing,2,1200.0,Unavailable,Canal,None,"[""Drip Irrigation"", ""Sprayer""]","[{""input_name"": ""Micronutrients"", ""quantity"": 10.0, ""unit"": ""kg""}]",27.7,24.7,78.9,Red Loam,True
F010,Lakshmi,+91 63972 62772,"Udumalaipettai, Tamil Nadu",3.0,Chilli,Hybrid,Flowering,2,12000.0,Limited,Rainfed,Sprinkler,"[""Tractor"", ""Drip Irrigation""]","[{""input_name"": ""Pesticide"", ""quantity"": 50.0, ""unit"": ""L""}]",35.8,33.0,42.3,Red Loam,True
F011,Murugan,+91 75491 31798,"Dindigul, Tamil Nadu",4.1,Tomato,NHRDF,Vegetative,2,8500.0,Adequate,Rainfed,Manual,"[""Pump"", ""Tractor""]","[{""input_name"": ""Micronutrients"", ""quantity"": 2.0, ""unit"": ""kg""}, {""input_name"": ""Bio-Pesticide"", ""quantity"": 2.0, ""unit"": ""L""}, {""input_name"": ""Pesticide"", ""quantity"": 5.0, ""unit"": ""L""}]",25.5,3.5,73.1,Red Loam,True
F012,Anand,+91 63746 16572,"Karur, Tamil Nadu",4.1,Brinjal,Hybrid,Vegetative,5,800.0,Limited,Borewell,Drip Irrigation,"[""Drip Irrigation"", ""Tractor"", ""Sprayer""]","[{""input_name"": ""Compost"", ""quantity"": 15.0, ""unit"": ""kg""}, {""input_name"": ""Bio-Pesticide"", ""quantity"": 1.0, ""unit"": ""L""}, {""input_name"": ""Neem Oil"", ""quantity"": 10.0, ""unit"": ""L""}]",32.5,33.9,54.2,Clay,True
F013,Prakash,+91 80590 41285,"Coimbatore, Tamil Nadu",3.5,Okra,CO-1,Bulbing,3,800.0,Adequate,Rainfed,Drip Irrigation,"[""Power Tiller""]","[{""input_name"": ""Bio-Pesticide"", ""quantity"": 5.0, ""unit"": ""L""}]",24.1,20.9,43.1,Black Soil,True
F014,Divya,+91 78676 30676,"Tiruppur, Tamil Nadu",6.8,Okra,CO-1,Vegetative,6,3800.0,Adequate,Canal,Manual,"[""Sprayer""]","[{""input_name"": ""Bio-Pesticide"", ""quantity"": 5.0, ""unit"": ""L""}, {""input_name"": ""Compost"", ""quantity"": 15.0, ""unit"": ""kg""}, {""input_name"": ""Fertilizer"", ""quantity"": 2.0, ""unit"": ""kg""}]",33.5,12.2,68.5,Clay,True
F015,Vijay,+91 92016 42914,"Dharapuram, Tamil Nadu",1.2,Onion,CO-1,Vegetative,1,5000.0,Limited,Well,Sprinkler,"[""Tractor"", ""Power Tiller"", ""Manual Tools""]","[{""input_name"": ""Neem Oil"", ""quantity"": 25.0, ""unit"": ""L""}, {""input_name"": ""Micronutrients"", ""quantity"": 2.0, ""unit"": ""kg""}, {""input_name"": ""Bio-Pesticide"", ""quantity"": 15.0, ""unit"": ""L""}]",22.6,22.2,64.9,Sandy,True
F016,Sundar,+91 62741 50404,"Erode, Tamil Nadu",7.2,Chilli,CO-1,Flowering,6,2500.0,Adequate,Well,None,"[""Manual Tools"", ""Drip Irrigation"", ""Power Tiller""]","[{""input_name"": ""Compost"", ""quantity"": 10.0, ""unit"": ""kg""}]",22.4,44.2,54.9,Sandy,True
F017,Uma,+91 77485 30866,"Udumalaipettai, Tamil Nadu",1.3,Chilli,NHRDF,Flowering,2,12000.0,Rainfed,Well,Sprinkler,"[""Sprayer""]","[{""input_name"": ""Compost"", ""quantity"": 5.0, ""unit"": ""kg""}, {""input_name"": ""Pesticide"", ""quantity"": 50.0, ""unit"": ""L""}, {""input_name"": ""Fertilizer"", ""quantity"": 1.0, ""unit"": ""kg""}]",37.5,16.7,68.9,Sandy,True
F018,Deepa,+91 81702 13617,"Karamadai, Tamil Nadu",7.1,Capsicum,Hybrid,Fruiting,1,800.0,Unavailable,Well,Manual,"[""Power Tiller"", ""Manual Tools""]","[{""input_name"": ""Pesticide"", ""quantity"": 15.0, ""unit"": ""L""}]",25.0,2.7,59.6,Black Soil,True
F019,Divya,+91 88265 19171,"Pollachi, Tamil Nadu",7.4,Brinjal,CO-1,Vegetative,6,3800.0,Rainfed,Rainfed,Manual,"[""Manual Tools"", ""Pump""]","[{""input_name"": ""Compost"", ""quantity"": 25.0, ""unit"": ""kg""}, {""input_name"": ""Micronutrients"", ""quantity"": 10.0, ""unit"": ""kg""}, {""input_name"": ""Pesticide"", ""quantity"": 25.0, ""unit"": ""L""}]",34.0,10.4,65.6,Sandy,True
F020,Deepa,+91 60026 49829,"Coimbatore, Tamil Nadu",2.1,Brinjal,CO-1,Bulbing,4,12000.0,Limited,Rainfed,Sprinkler,"[""Sprayer"", ""Pump"", ""Power Tiller""]","[{""input_name"": ""Compost"", ""quantity"": 25.0, ""unit"": ""kg""}]",27.0,48.4,46.6,Red Loam,True
F021,Uma (21),+91 91138 90120,"Karamadai, Tamil Nadu",3.9,Okra,Hybrid,Bulbing,4,8500.0,Limited,Canal,Drip Irrigation,"[""Tractor""]","[{""input_name"": ""Compost"", ""quantity"": 50.0, ""unit"": ""kg""}]",37.3,31.1,42.3,Black Soil,True
F022,Lakshmi (22),+91 89914 27477,"Tiruppur, Tamil Nadu",5.5,Brinjal,CO-1,Bulbing,5,8500.0,Unavailable,Canal,None,"[""Pump"", ""Drip Irrigation""]","[{""input_name"": ""Fertilizer"", ""quantity"": 25.0, ""unit"": ""kg""}, {""input_name"": ""Bio-Pesticide"", ""quantity"": 2.0, ""unit"": ""L""}, {""input_name"": ""Pesticide"", ""quantity"": 5.0, ""unit"": ""L""}]",29.0,42.8,50.6,Clay,True
F023,Anand (23),+91 95399 20561,"Annur, Tamil Nadu",1.6,Onion,Hybrid,Flowering,1,8500.0,Unavailable,Well,None,"[""Sprayer"", ""Drip Irrigation""]","[{""input_name"": ""Pesticide"", ""quantity"": 25.0, ""unit"": ""L""}, {""input_name"": ""Bio-Pesticide"", ""quantity"": 1.0, ""unit"": ""L""}]",35.7,45.9,57.1,Red Loam,True
F024,Divya (24),+91 79569 61116,"Dindigul, Tamil Nadu",4.5,Okra,Hybrid,Bulbing,2,3800.0,Unavailable,Rainfed,Drip Irrigation,"[""Pump"", ""Tractor""]","[{""input_name"": ""Compost"", ""quantity"": 15.0, ""unit"": ""kg""}, {""input_name"": ""Pesticide"", ""quantity"": 15.0, ""unit"": ""L""}, {""input_name"": ""Micronutrients"", ""quantity"": 1.0, ""unit"": ""kg""}]",36.5,35.5,69.8,Red Loam,True
F025,Kavitha (25),+91 68893 70515,"Annur, Tamil Nadu",0.9,Onion,CO-1,Flowering,4,5000.0,Rainfed,Rainfed,Manual,"[""Pump"", ""Sprayer""]","[{""input_name"": ""Neem Oil"", ""quantity"": 1.0, ""unit"": ""L""}, {""input_name"": ""Bio-Pesticide"", ""quantity"": 5.0, ""unit"": ""L""}]",25.6,4.1,83.1,Red Loam,True
F026,Ramesh Kumar (26),+91 76205 36130,"Dharapuram, Tamil Nadu",5.2,Tomato,Hybrid,Bulbing,6,800.0,Limited,Rainfed,Manual,"[""Drip Irrigation"", ""Power Tiller""]","[{""input_name"": ""Micronutrients"", ""quantity"": 5.0, ""unit"": ""kg""}, {""input_name"": ""Neem Oil"", ""quantity"": 1.0, ""unit"": ""L""}, {""input_name"": ""Compost"", ""quantity"": 15.0, ""unit"": ""kg""}]",22.4,18.7,70.5,Sandy,True
F027,Venkatesh (27),+91 72997 19961,"Karur, Tamil Nadu",5.7,Okra,Hybrid,Vegetative,6,3800.0,Adequate,Borewell,Manual,"[""Tractor"", ""Pump"", ""Sprayer""]","[{""input_name"": ""Micronutrients"", ""quantity"": 50.0, ""unit"": ""kg""}, {""input_name"": ""Fertilizer"", ""quantity"": 10.0, ""unit"": ""kg""}, {""input_name"": ""Neem Oil"", ""quantity"": 50.0, ""unit"": ""L""}]",29.8,26.0,56.3,Sandy,True
F028,Sundar (28),+91 88540 33086,"Udumalaipettai, Tamil Nadu",4.4,Okra,CO-1,Bulbing,4,8500.0,Rainfed,Well,Sprinkler,"[""Pump""]","[{""input_name"": ""Compost"", ""quantity"": 15.0, ""unit"": ""kg""}, {""input_name"": ""Pesticide"", ""quantity"": 15.0, ""unit"": ""L""}]",32.7,20.2,62.2,Clay,True
F029,Karthikeyan (29),+91 91952 37802,"Erode, Tamil Nadu",6.5,Capsicum,CO-1,Fruiting,5,400.0,Limited,Borewell,Sprinkler,"[""Tractor"", ""Manual Tools"", ""Drip Irrigation""]","[{""input_name"": ""Pesticide"", ""quantity"": 50.0, ""unit"": ""L""}, {""input_name"": ""Micronutrients"", ""quantity"": 1.0, ""unit"": ""kg""}, {""input_name"": ""Bio-Pesticide"", ""quantity"": 1.0, ""unit"": ""L""}]",26.7,24.3,50.9,Clay,True
F030,Meena (30),+91 96272 79588,"Erode, Tamil Nadu",3.7,Okra,CO-1,Fruiting,6,12000.0,Rainfed,Well,Manual,"[""Sprayer""]","[{""input_name"": ""Compost"", ""quantity"": 25.0, ""unit"": ""kg""}, {""input_name"": ""Fertilizer"", ""quantity"": 15.0, ""unit"": ""kg""}, {""input_name"": ""Neem Oil"", ""quantity"": 50.0, ""unit"": ""L""}]",33.0,11.5,73.2,Clay,True
F031,Rajesh (31),+91 94382 88222,"Coimbatore, Tamil Nadu",7.9,Tomato,CO-1,Flowering,3,1200.0,Rainfed,Borewell,Sprinkler,"[""Sprayer"", ""Manual Tools""]","[{""input_name"": ""Fertilizer"", ""quantity"": 1.0, ""unit"": ""kg""}, {""input_name"": ""Compost"", ""quantity"": 50.0, ""unit"": ""kg""}, {""input_name"": ""Pesticide"", ""quantity"": 1.0, ""unit"": ""L""}]",31.2,28.2,59.8,Black Soil,True
F032,Selvi (32),+91 76546 72616,"Karamadai, Tamil Nadu",6.7,Onion,NHRDF,Vegetative,5,400.0,Limited,Canal,Manual,"[""Drip Irrigation""]","[{""input_name"": ""Bio-Pesticide"", ""quantity"": 50.0, ""unit"": ""L""}]",28.7,35.8,67.8,Sandy,True
F033,Senthil (33),+91 89014 48974,"Karur, Tamil Nadu",7.9,Capsicum,Local,Vegetative,2,2500.0,Rainfed,Borewell,Sprinkler,"[""Drip Irrigation""]","[{""input_name"": ""Neem Oil"", ""quantity"": 10.0, ""unit"": ""L""}, {""input_name"": ""Compost"", ""quantity"": 10.0, ""unit"": ""kg""}, {""input_name"": ""Micronutrients"", ""quantity"": 25.0, ""unit"": ""kg""}]",31.5,17.5,50.4,Clay,True
F034,Senthil (34),+91 64664 40595,"Coimbatore, Tamil Nadu",6.4,Okra,Hybrid,Bulbing,1,2500.0,Limited,Well,Sprinkler,"[""Sprayer""]","[{""input_name"": ""Fertilizer"", ""quantity"": 15.0, ""unit"": ""kg""}]",34.0,34.2,53.0,Red Loam,True
F035,Senthil (35),+91 79928 62757,"Coimbatore, Tamil Nadu",4.3,Onion,NHRDF,Vegetative,5,400.0,Unavailable,Well,Manual,"[""Sprayer""]","[{""input_name"": ""Micronutrients"", ""quantity"": 50.0, ""unit"": ""kg""}]",35.8,35.2,40.9,Clay,True
F036,Rajesh (36),+91 62636 32962,"Tiruppur, Tamil Nadu",4.4,Onion,CO-1,Flowering,5,8500.0,Unavailable,Borewell,None,"[""Tractor"", ""Pump""]","[{""input_name"": ""Micronutrients"", ""quantity"": 50.0, ""unit"": ""kg""}, {""input_name"": ""Neem Oil"", ""quantity"": 2.0, ""unit"": ""L""}]",27.3,41.6,53.0,Sandy,True
F037,Deepa (37),+91 62404 69614,"Karamadai, Tamil Nadu",2.9,Capsicum,Local,Bulbing,5,400.0,Unavailable,Rainfed,Drip Irrigation,"[""Power Tiller""]","[{""input_name"": ""Bio-Pesticide"", ""quantity"": 25.0, ""unit"": ""L""}, {""input_name"": ""Pesticide"", ""quantity"": 10.0, ""unit"": ""L""}]",34.2,12.2,64.7,Clay,True
F038,Senthil (38),+91 91766 25915,"Dharapuram, Tamil Nadu",7.8,Brinjal,Hybrid,Flowering,3,400.0,Unavailable,Borewell,Sprinkler,"[""Tractor""]","[{""input_name"": ""Micronutrients"", ""quantity"": 50.0, ""unit"": ""kg""}]",24.5,56.0,53.1,Clay,True
F039,Kavitha (39),+91 91621 71894,"Palladam, Tamil Nadu",3.9,Tomato,NHRDF,Flowering,5,1200.0,Adequate,Well,None,"[""Power Tiller"", ""Pump""]","[{""input_name"": ""Fertilizer"", ""quantity"": 25.0, ""unit"": ""kg""}]",26.8,35.2,85.0,Sandy,True
F040,Sundar (40),+91 89264 80592,"Tiruppur, Tamil Nadu",3.1,Brinjal,NHRDF,Bulbing,3,2500.0,Limited,Rainfed,Sprinkler,"[""Sprayer"", ""Pump""]","[{""input_name"": ""Pesticide"", ""quantity"": 25.0, ""unit"": ""L""}, {""input_name"": ""Micronutrients"", ""quantity"": 50.0, ""unit"": ""kg""}, {""input_name"": ""Bio-Pesticide"", ""quantity"": 50.0, ""unit"": ""L""}]",32.4,9.1,83.4,Black Soil,True
F041,Vijay (41),+91 98678 53515,"Karamadai, Tamil Nadu",7.1,Onion,Local,Bulbing,1,1200.0,Unavailable,Canal,Drip Irrigation,"[""Pump"", ""Manual Tools""]","[{""input_name"": ""Micronutrients"", ""quantity"": 50.0, ""unit"": ""kg""}, {""input_name"": ""Pesticide"", ""quantity"": 5.0, ""unit"": ""L""}, {""input_name"": ""Neem Oil"", ""quantity"": 50.0, ""unit"": ""L""}]",32.8,32.0,82.9,Sandy,True
F042,Deepa (42),+91 62352 90931,"Karamadai, Tamil Nadu",2.3,Okra,CO-1,Flowering,6,800.0,Unavailable,Borewell,Drip Irrigation,"[""Drip Irrigation"", ""Pump""]","[{""input_name"": ""Neem Oil"", ""quantity"": 5.0, ""unit"": ""L""}]",34.7,17.6,56.9,Black Soil,True
F043,Uma (43),+91 94810 64008,"Karur, Tamil Nadu",5.6,Tomato,Hybrid,Flowering,1,8500.0,Limited,Rainfed,Sprinkler,"[""Tractor""]","[{""input_name"": ""Fertilizer"", ""quantity"": 25.0, ""unit"": ""kg""}, {""input_name"": ""Pesticide"", ""quantity"": 1.0, ""unit"": ""L""}, {""input_name"": ""Micronutrients"", ""quantity"": 50.0, ""unit"": ""kg""}]",29.4,17.3,64.6,Red Loam,True
F044,Senthil (44),+91 82646 87014,"Coimbatore, Tamil Nadu",5.3,Onion,CO-1,Bulbing,3,2500.0,Unavailable,Rainfed,Drip Irrigation,"[""Tractor""]","[{""input_name"": ""Fertilizer"", ""quantity"": 25.0, ""unit"": ""kg""}, {""input_name"": ""Bio-Pesticide"", ""quantity"": 5.0, ""unit"": ""L""}, {""input_name"": ""Micronutrients"", ""quantity"": 1.0, ""unit"": ""kg""}]",37.6,39.5,52.4,Red Loam,True
F045,Priya (45),+91 92553 47512,"Palladam, Tamil Nadu",5.1,Capsicum,Hybrid,Flowering,5,3800.0,Limited,Borewell,Drip Irrigation,"[""Tractor"", ""Sprayer""]","[{""input_name"": ""Fertilizer"", ""quantity"": 5.0, ""unit"": ""kg""}, {""input_name"": ""Compost"", ""quantity"": 5.0, ""unit"": ""kg""}, {""input_name"": ""Neem Oil"", ""quantity"": 25.0, ""unit"": ""L""}]",28.6,12.0,75.4,Clay,True
F046,Vijay (46),+91 92885 45720,"Annur, Tamil Nadu",2.4,Onion,CO-1,Fruiting,1,12000.0,Adequate,Canal,Sprinkler,"[""Manual Tools"", ""Tractor"", ""Pump""]","[{""input_name"": ""Pesticide"", ""quantity"": 1.0, ""unit"": ""L""}]",26.2,7.4,56.6,Clay,True
F047,Rajesh (47),+91 84970 93695,"Erode, Tamil Nadu",1.3,Tomato,NHRDF,Vegetative,5,5000.0,Limited,Borewell,None,"[""Pump"", ""Tractor"", ""Sprayer""]","[{""input_name"": ""Neem Oil"", ""quantity"": 1.0, ""unit"": ""L""}]",26.9,29.6,44.4,Black Soil,True
F048,Venkatesh (48),+91 89729 58629,"Pollachi, Tamil Nadu",7.6,Okra,NHRDF,Flowering,4,800.0,Unavailable,Rainfed,Manual,"[""Manual Tools""]","[{""input_name"": ""Compost"", ""quantity"": 10.0, ""unit"": ""kg""}, {""input_name"": ""Pesticide"", ""quantity"": 2.0, ""unit"": ""L""}]",35.7,6.0,70.9,Clay,True
F049,Selvi (49),+91 86092 46160,"Palladam, Tamil Nadu",7.8,Onion,Local,Flowering,6,400.0,Adequate,Well,Sprinkler,"[""Power Tiller""]","[{""input_name"": ""Neem Oil"", ""quantity"": 50.0, ""unit"": ""L""}]",34.2,12.4,49.7,Black Soil,True
F050,Anand (50),+91 69670 88116,"Dharapuram, Tamil Nadu",2.6,Tomato,Hybrid,Fruiting,2,800.0,Adequate,Canal,Drip Irrigation,"[""Drip Irrigation"", ""Power Tiller""]","[{""input_name"": ""Neem Oil"", ""quantity"": 5.0, ""unit"": ""L""}, {""input_name"": ""Compost"", ""quantity"": 1.0, ""unit"": ""kg""}]",24.0,25.3,45.1,Red Loam,True
F051,Meena (51),+91 89378 57453,"Salem, Tamil Nadu",5.0,Onion,Hybrid,Vegetative,6,3800.0,Unavailable,Borewell,Drip Irrigation,"[""Tractor"", ""Manual Tools""]","[{""input_name"": ""Neem Oil"", ""quantity"": 1.0, ""unit"": ""L""}, {""input_name"": ""Pesticide"", ""quantity"": 1.0, ""unit"": ""L""}, {""input_name"": ""Bio-Pesticide"", ""quantity"": 5.0, ""unit"": ""L""}]",31.7,3.9,52.4,Clay,True
F052,Venkatesh (52),+91 99150 79541,"Coimbatore, Tamil Nadu",3.9,Brinjal,NHRDF,Vegetative,6,800.0,Limited,Rainfed,None,"[""Tractor""]","[{""input_name"": ""Pesticide"", ""quantity"": 10.0, ""unit"": ""L""}, {""input_name"": ""Micronutrients"", ""quantity"": 25.0, ""unit"": ""kg""}]",23.5,25.6,69.9,Clay,True
F053,Sundar (53),+91 91081 18799,"Karamadai, Tamil Nadu",6.7,Chilli,NHRDF,Vegetative,6,5000.0,Limited,Borewell,Manual,"[""Sprayer"", ""Tractor"", ""Pump""]","[{""input_name"": ""Pesticide"", ""quantity"": 15.0, ""unit"": ""L""}, {""input_name"": ""Neem Oil"", ""quantity"": 5.0, ""unit"": ""L""}, {""input_name"": ""Fertilizer"", ""quantity"": 5.0, ""unit"": ""kg""}]",23.7,30.4,47.0,Sandy,True
F054,Uma (54),+91 67092 55890,"Salem, Tamil Nadu",3.3,Capsicum,Hybrid,Bulbing,5,400.0,Rainfed,Borewell,Sprinkler,"[""Manual Tools"", ""Pump""]","[{""input_name"": ""Fertilizer"", ""quantity"": 2.0, ""unit"": ""kg""}, {""input_name"": ""Neem Oil"", ""quantity"": 50.0, ""unit"": ""L""}]",24.3,39.4,43.1,Red Loam,True
F055,Murugan (55),+91 94765 38197,"Dindigul, Tamil Nadu",3.6,Capsicum,Hybrid,Fruiting,3,5000.0,Adequate,Borewell,Sprinkler,"[""Power Tiller""]","[{""input_name"": ""Micronutrients"", ""quantity"": 1.0, ""unit"": ""kg""}]",26.4,39.7,61.9,Sandy,True
F056,Kavitha (56),+91 77902 38255,"Salem, Tamil Nadu",1.4,Onion,Local,Fruiting,6,12000.0,Rainfed,Borewell,Sprinkler,"[""Power Tiller"", ""Sprayer""]","[{""input_name"": ""Compost"", ""quantity"": 5.0, ""unit"": ""kg""}]",37.1,46.0,74.4,Clay,True
F057,Anand (57),+91 67863 11013,"Tiruppur, Tamil Nadu",6.1,Tomato,Hybrid,Bulbing,5,2500.0,Rainfed,Borewell,None,"[""Sprayer"", ""Tractor"", ""Manual Tools""]","[{""input_name"": ""Neem Oil"", ""quantity"": 15.0, ""unit"": ""L""}, {""input_name"": ""Fertilizer"", ""quantity"": 10.0, ""unit"": ""kg""}]",31.2,42.6,58.8,Red Loam,True
F058,Venkatesh (58),+91 61366 52568,"Annur, Tamil Nadu",6.5,Brinjal,NHRDF,Fruiting,1,8500.0,Adequate,Canal,None,"[""Tractor"", ""Power Tiller"", ""Sprayer""]","[{""input_name"": ""Fertilizer"", ""quantity"": 2.0, ""unit"": ""kg""}, {""input_name"": ""Micronutrients"", ""quantity"": 5.0, ""unit"": ""kg""}]",34.5,4.6,68.5,Black Soil,True
F059,Divya (59),+91 83009 94599,"Annur, Tamil Nadu",2.3,Tomato,CO-1,Flowering,2,1200.0,Adequate,Canal,None,"[""Power Tiller"", ""Manual Tools""]","[{""input_name"": ""Micronutrients"", ""quantity"": 25.0, ""unit"": ""kg""}, {""input_name"": ""Bio-Pesticide"", ""quantity"": 25.0, ""unit"": ""L""}]",37.8,19.4,83.7,Clay,True
F060,Sundar (60),+91 88820 18950,"Tiruppur, Tamil Nadu",3.8,Capsicum,CO-1,Vegetative,3,800.0,Rainfed,Rainfed,None,"[""Sprayer""]","[{""input_name"": ""Fertilizer"", ""quantity"": 25.0, ""unit"": ""kg""}, {""input_name"": ""Neem Oil"", ""quantity"": 50.0, ""unit"": ""L""}]",37.6,5.4,66.7,Sandy,True
